level,type,Region/economy,1990,1991,1992,1993,1994,1995,1996,1997,1998,1999,2000,2001,2002,2003,2004,2005,2006,2007,2008,2009,2010,2011,2012,2013,2014,2015,2016,2017,2018,2019,2020,2021,2022,2023
1,region,World,204887.7031,153959.0874,164684.9945,222236.6021,255893.7326,345142.7445,392778.6563,480628.4795,681509.2912,1078285.663,1356685.067,773130.5077,590311.3487,549570.5644,699234.4965,954072.5168,1400939.056,1889474.117,1454599.566,1137385.037,1369184.39,1601135.21,1459065.783,1455288.783,1397394.118,2049899.355,2019332.509,1651163.148,1376139.316,1729239.136,984578.0317,1621807.62,1355748.919,1331813.323
2,region,Developed economies,171279.4722,116082.9802,112105.3013,145961.3116,153719.475,228407.0243,246473.0433,295542.0679,509573.0726,870309.9162,1133973.771,560142.4949,424916.1099,355532.4736,441206.5979,631232.2246,1009581.317,1382594.039,900473.0492,700596.372,760382.5591,931573.7959,789187.0959,792258.5746,710455.9477,1310224.26,1344412.087,950327.5,674750.0921,1024750.186,337595.2433,731842.7292,426197.6507,464396.6456
3,region,Europe,102697.2824,81867.35316,77530.90366,82785.39965,90540.97956,141746.3675,138208.479,162388.1606,293729.8218,531685.9001,710777.7035,350865.3601,296002.8356,274684.5221,239885.503,506576.6915,664818.4216,963967.8512,436560.5009,476201.8566,481737.9931,582462.7064,463671.1219,435901.8029,361425.1705,751218.9153,754023.0081,525891.9585,320293.6661,660687.2422,158932.6802,178747.8534,-105877.9806,16493.08112
4,region,European Union,65099.39227,63939.30302,59033.38516,63313.48215,73153.15477,110995.2516,100057.6504,111729.3369,211493.6044,418392.8397,564989.5288,298098.7563,262766.0238,226394.2581,155573.5423,297514.9346,410722.3346,668322.7821,220605.0616,296012.4698,334957.8048,445036.5864,319199.2256,315773.6072,290678.9573,631254.1428,363448.6793,274520.6289,305556.0697,627335.7147,154888.5118,266502.1246,-84830.85216,58645.2323
5,country,Austria,653,360,1485.51775,1125.10612,2075.82359,1825.09025,4323.51309,2668.97482,4571.85571,2974.49999,8501.01345,5689.43455,138.34643,6195.02186,3183.64965,10784.46003,4754.75731,25484.26717,7226.09723,9268.29969,2575.46341,10615.64954,3988.87765,5721.21046,4583.14766,1488.35781,-8508.30643,14953.06209,5389.76914,4905.47938,-9982.75283,17092.29161,9325.59624,4465.63297
5,country,Belgium,0,0,0,0,0,0,0,0,0,0,0,0,16250.52939,33476.142,43557.8899,34370.49197,58892.96875,93430.67292,-13857.25272,64440.44048,57583.32285,83366.34902,11670.39705,23898.0012,-3505.90517,28331.29923,68245.11301,-3064.80948,27137.17506,11860.83584,3133.04535,9905.45172,11550.88751,23019.11682
5,country,Belgium / Luxembourg,8046.73,9362.56,11285.8,10750,8513.58,10688.7,14063.9,11998.3,22690.5,119692.913,88738.714,88203.254,0,0,0,0,0,0,0,0,0,0,0,0,0,0,0,0,0,0,0,0,0,0
5,country,Bulgaria,4,55.9,41.5,40,105.4,90.4,109,646.66144,678.39289,922.65192,1016.48609,808.42588,922.28883,2088.52933,3397.11808,3919.96593,7804.89399,12388.85878,9855.10675,3385.35347,1549.12887,2052.28219,1697.19191,1837.74295,461.57503,2217.35062,1040.26088,1813.84982,1142.61242,1835.2704,3397.08352,1794.19724,2770.64396,3913.16876
5,country,Croatia,0,0,13,118.26514,110.33277,103.47538,485.18139,579.57503,943.65177,1425.48395,989.65226,1035.85292,984.97482,1812.64968,1291.40643,1810.33474,3132.77176,4669.8688,5406.80349,2948.10949,1171.93803,1589.90475,1312.21328,905.39333,2889.19462,75.3982,276.28211,528.87435,1199.41347,401.5914,146.08744,4486.44482,3590.14473,2749.12309
5,country,Cyprus,126.62,81.8,107.4,83.4,75.2,375.75704,428.89831,548.36284,345.34507,803.62061,837.58614,928.64371,1038.59524,891.44188,8594.77819,11090.50679,16726.16082,23237.58928,12246.51962,0.00001,33429.64545,36622.58058,63501.89679,22260.81188,46454.08988,23945.6161,10928.26285,9437.62351,-413.48017,52329.65289,-24450.84177,7387.89276,5731.59166,3446.97461
5,country,Czechia,72,523,1003,653.46725,868.31034,2561.83145,1428.43775,1301.37168,3716.35813,6329.66629,4985.20923,5641.7407,8482.04713,2102.73672,4974.49786,11653.24701,5462.62547,10443.81754,6451.00292,2926.81482,6140.58319,2317.55378,7984.10859,3639.12943,5492.00346,465.10493,9814.76887,9521.68202,11010.36396,10108.40697,9411.47553,9050.64529,9248.3795,7785.4831
5,country,Denmark,1132.15,1552.52,1017.39,1712.77,5006.18,4176.80375,758.79469,2801.13741,7730.38564,16756.87763,33823.48939,11522.53683,6637.3559,2610.93831,-10715.96679,7533.54644,9530.53585,6638.49753,-742.26922,1045.29153,-8977.40039,11939.23047,776.2587,907.61995,4682.30779,3616.13042,235.3039,5436.55884,-2497.22113,27029.3774,1372.02559,7095.3075,7750.11616,8760.46471
5,country,Estonia,0,0,81.89999,161.12959,214.35156,193.32392,147.29093,267.74688,578.37036,302.78268,391.24747,539.28913,288.72806,927.99938,957.11752,2799.17481,1334.41002,2311.21185,1829.68421,1839.44083,1508.54215,1004.59947,1564.94023,771.06328,553.29022,110.9612,1033.28664,1277.27933,1426.32906,3052.98849,3540.58771,104.90304,1009.48754,4577.3377
5,country,Finland,644.66942,-207.78614,397.787,973.90778,1648.51934,1021.20023,1087.64318,2093.28161,12236.38857,4610.27117,8834.04736,3731.52948,8046.02136,3318.95841,2826.51965,4750.16167,7651.70779,12451.03594,-1143.99971,717.61065,7358.83292,2549.85091,4153.95724,-106.0004,18571.06798,2109.17564,8581.83348,2863.72725,-2171.77705,13456.08748,-1578.51574,13290.45505,5794.92515,-1675.96557
5,country,France,16506.19332,16166.08715,18699.12261,16620.00232,15680.25694,23562.49673,21745.72761,23381.63966,31238.05338,46544.58054,27495.01566,15946.77274,21514.45673,7855.00895,-2573.57968,33228.72581,25325.74036,63499.56613,37593.42586,30733.48911,13890.09397,31641.9056,16062.05367,27310.48542,522.48482,45816.19882,23903.63286,29300.0192,34671.3401,20425.81464,13173.60475,34109.42006,75978.91376,42031.59465
5,country,Germany,2962.36376,4727.24972,-2089.39903,368.23482,7134.50909,12024.48487,6572.64565,12244.63398,24593.23623,56075.69354,198279.3394,26401.9964,53522.33118,32376.76545,-10192.1787,47449.79605,55654.56049,80212.48142,8127.02823,23805.5965,65642.98817,67513.66432,28181.12436,12776.7873,-471.21279,20339.54177,22679.64734,48389.88602,72022.40272,52683.66104,69954.43778,51217.83242,27411.28068,36697.68825
5,country,Greece,1005,1135,1144,977,981,1053,1058,984,71.2,561.9,1108.16289,1589.33701,39.55579,1275.23323,2101.65577,623.29006,5354.88703,2111.30546,4498.62673,2436.3646,329.91411,1143.13553,1739.70248,2818.24822,2686.83488,1268.16098,2765.15345,3484.81264,3973.3293,5019.20683,3212.50568,6328.1892,8451.3955,5430.14035
5,country,Hungary,553.809,1470.419,1477.004,2442.954,1143.371,5103.4866,3299.57615,4167.31767,3334.86115,3311.93611,2764.06182,3936.04559,2993.5654,2137.40142,4265.73249,7708.95922,6817.54454,3950.83512,6410.02023,2172.12879,2352.82355,6536.94094,14606.38452,3584.74072,7967.54995,-14537.42524,-5438.54839,3514.89461,6460.33107,4143.00901,6842.10002,8041.44059,9319.90563,6016.401
5,country,Ireland,621.911,1361.668,1458.175,1077.89,856.979,1442.925,2617.483,2028.79782,8862.21691,18210.64171,25779.43615,9650.92035,29323.79653,22781.29282,-10607.6127,-31689.3001,-5542.30682,24707.17373,-16452.92416,25715.32959,42804.07128,23544.70324,48883.84081,50610.26629,48247.04741,217866.4152,39413.5618,52834.92053,-12017.40256,149433.098,102519.0004,-3932.61218,-25058.33888,-9164.82851
5,country,Italy,6344.876,2481.577,3209.808,3746.619,2235.95,4816.515,3535.094,4961.472,4280.245,6911.1596,13374.7927,14870.56044,17054.88118,19424.38326,20125.86094,23291.29981,42580.92358,43849.3481,-10835.31695,20076.60004,9178.2609,34323.80396,92.51003,24279.30141,23253.88296,19635.12371,28468.51741,24047.08261,37681.92619,22719.74171,-18575.54374,-2952.1203,32176.94582,18219.36767
5,country,Latvia,0,0,31.5,44.11601,212.63243,178.29422,382.36405,522.33452,355.82953,346.45494,328.33978,105.18027,209.87248,279.89897,607.17811,706.36223,1663.44474,2323.99629,1264.14472,-22.22707,419.84253,1467.98173,1111.4052,901.78631,896.73588,738.93265,254.58812,742.19677,960.11677,925.80569,1003.99084,3303.39423,1403.71347,1212.10155
5,country,Lithuania,0,0,10,31.24036,31.33932,72.5575,152.43,354.4925,925.5,486.4575,378.8725,445.8125,724.97117,180.40949,844.42458,1134.59434,2023.35597,2289.43745,1793.95759,-448.09771,1019.54188,1798.97269,802.08764,573.88937,-133.39444,1055.05381,302.60565,1345.2966,971.54842,1440.52902,415.65677,2860.12674,2214.31851,1867.77172
5,country,Luxembourg,0,0,0,0,0,0,0,0,0,0,0,0,4243.17436,4291.10568,5179.64344,4644.76948,32219.53464,-29679.42581,7117.11283,27255.15425,39128.52876,8843.15672,2824.12559,23299.02384,20060.31379,45432.15356,17580.97009,-27369.77666,-83336.48255,163717.5968,9838.88174,25122.59105,-359330.6403,-62807.62078
5,country,Malta,45.794,76.983,39.542,69.48408,155.82886,129.28717,293.00941,82.00722,277.24862,856.62675,581.55703,235.23211,-418.67691,959.78471,12608.15841,25083.20897,17691.38647,39620.09614,12688.79599,2906.94804,5409.46632,21875.92885,14183.92805,12007.75563,11204.96858,5069.23777,4248.43262,3407.2898,4023.61675,3778.10534,3921.42373,28661.9432,19916.27634,20899.83132
5,country,Netherlands,11063.315,6074.61233,6392.10132,6359.11524,7031.6115,11723.69591,16186.76489,11181.06879,37277.25342,41203.16164,63854.98434,51927.49953,25038.25702,32899.86615,12452.36632,39047.15714,13977.70282,114161.1852,-6776.43095,38751.92229,-7184.47245,24155.80624,25013.04134,51119.46344,45033.94311,176466.3258,59928.129,26854.63336,102134.3526,15939.88868,-81651.41073,-70238.34587,-80438.25767,-168449.6778
5,country,Poland,88,359,678,1715,1875.20904,3658.1745,4498.72037,4910.20922,6398.40018,7270.78402,9445.31496,5579.25516,4030.10725,3982.30598,12140.25032,8203.21772,14577.49558,19836.21948,12283.03901,10039.32449,12796.27013,15925.13965,12423.52313,3625.45956,14268.73649,15270.83168,15690.14756,9172.34007,15996.26992,13510.16767,15195.44113,29234.75569,31469.60871,28685.33592
5,country,Portugal,2363.32264,2186.58287,1637.53429,1440.6707,1250.5106,674.92283,1312.51706,2340.00792,3026.88598,1156.73425,6559.80652,6195.65015,1630.03435,7983.64058,2560.65437,3011.20872,7471.43358,3020.35432,2104.46321,1281.7443,1988.48581,5957.15048,8152.56489,8219.77744,4565.66657,9181.73699,5688.5475,6928.27762,7181.38266,12251.47754,7683.32633,9614.92488,9777.62146,7220.40689
5,country,Romania,0.01,40,77,94,341,419,263,1215,2031,1027.03204,1056.75327,1157.93147,1140.6522,2196.30398,6435.59132,6152.30081,10858.11789,9732.80986,13491.53628,4665.44862,2997.17235,2362.92234,3198.54708,3602.36403,3215.68159,3840.47487,5000.38742,5419.47109,6218.91135,5791.04331,3432.30086,10574.00762,10571.93163,7130.10899
5,country,Slovakia,93,81,100,179.13785,255.17401,2587.14923,369.74329,230.6031,926.76143,626.79744,2720.37866,2274.8396,5864.87883,2975.66798,4028.99182,3109.63786,5803.08628,4017.2452,4868.02358,-6.0791,1769.76074,3491.28594,2981.68815,-604.24777,-512.82112,106.13991,805.90078,4016.77077,1675.08489,2510.63725,-2403.54721,1820.63267,2902.27395,180.26069
5,country,Slovenia,4.3,64.9,111,112.6,116.92985,153.5604,175.47936,334.42844,217.8278,105.68628,137.35766,358.53191,1569.67484,271.18034,675.45647,561.64752,706.27656,757.29157,1218.40993,-475.83431,105.36988,1087.41581,339.33064,-151.22267,1051.23865,1675.07736,1245.94169,897.745,1384.173,1463.04166,219.98707,1845.85225,2039.46193,1102.85563
5,country,Spain,10797.15159,9633.02635,10665.74069,8571.49482,8883.49243,7910.82771,9325.03425,8918.36725,14266.89455,18743.38475,39575.10319,28408.1288,39222.56929,25819.30265,24760.68367,25020.18355,30802.38001,64264.41411,76992.51327,10406.59838,39872.50959,28379.20637,25696.45275,28100.13945,23308.49043,14435.81493,29653.98154,23502.89762,58062.85517,17842.36899,14238.62315,38318.42686,44885.13348,35914.32031
5,country,Sweden,1971.17654,6353.20374,-41.03846,3845.87707,6349.6631,14448.29188,5437.40195,10967.54505,19918.94207,61135.04139,23432.80682,10914.35507,12273.03497,5280.28888,12093.2549,11515.98602,27445.93908,28592.62854,36946.94361,10146.69799,97.12078,12929.46528,16257.07378,3864.61712,5332.03902,5234.95407,19610.27752,15264.02351,5269.12915,8760.8313,20879.53835,22364.07644,44705.83141,29417.83824
4,region,Other Europe,37597.89012,17928.05014,18497.5185,19471.9175,17387.82479,30751.11592,38150.82866,50658.82373,82236.21739,113293.0604,145788.1748,52766.6038,33236.81181,48290.26399,84311.9607,209061.7569,254096.0871,295645.0691,215955.4394,180189.3868,146780.1883,137426.12,144471.8963,120128.1957,70746.21321,119964.7725,390574.3289,251371.3296,14737.59636,33351.52754,4044.16842,-87754.27115,-21047.12841,-42152.15118
5,country,Albania,0,0,20,68,52.97,70.05,90.09,47.54,45.0108,41.19988,144.27032,206.42768,133.05633,177.10381,345.67184,264.33866,324.4219,658.50667,974.33332,995.92967,1050.70824,876.26832,855.44023,1265.90079,1111.43438,945.72284,1100.67189,1148.89122,1289.68905,1287.96699,1108.14775,1233.91769,1434.12551,1630.16306
5,country,Belarus,0,0,7,17.6,10.5,14.7,104.5,351.6,190.84497,444,118.8,95.8,247.1,171.8,163.8,306.6,357.1,1807.3,2187.9,1876.5,1393.4,4002.4,1429.3,2229.6,1827.6,1667.9,1237.8,1278.5,1421,1293.1,1398.4,1238.414,1603.425,2060.167
5,country,Bosnia and Herzegovina,0,0,0,0,0,0,0,0,66.73638,176.78015,146.07558,118.86707,265.17369,381.05307,511.18617,351.18582,554.69003,1819.24423,1001.64769,249.9485,406.08909,496.52508,394.87324,276.36197,550.1991,361.14013,349.75913,491.88802,581.38305,457.51398,479.64858,683.38528,774.65275,945.96405
5,country,Iceland,22.08161,18.27233,-12.73766,0.44377,-1.52979,-9.2593,83.36842,149.53959,152.63894,68.54192,171.2249,173.59065,87.13563,332.09923,725.92628,3071.0508,3843.07495,6824.7912,919.69223,78.77028,245.1367,1107.4909,1025.12684,396.81664,447.11282,708.53038,-427.23658,-41.39852,-381.46752,-225.24041,-928.49956,517.79345,858.94503,977.11408
5,country,Montenegro,0,0,0,0,0,0,0,0,0,0,0,0,71.89008,49.43149,65.37657,500.61185,622.00163,934.44223,960.42333,1527.25942,760.44077,558.0527,619.75295,447.4746,497.6552,699.36536,226.40964,558.56576,489.81482,416.44721,532.28453,698.91957,876.73479,526.2454
5,country,North Macedonia,0,0,0,0,24,9.49,11.21,58.05835,150.48209,88.40616,215.0566,447.132,0,113.32635,323.66937,96.02169,432.57666,692.51017,585.76876,201.39624,212.52752,478.76977,142.90419,334.95553,272.5336,240.45175,374.60462,205.29801,725.20267,446.40215,230.06067,556.49502,784.5224,666.82388
5,country,Norway,1563.80297,302.33197,-668.11489,991.52398,2776.44745,2409.41034,3211.10234,3981.53646,3934.87164,6789.95329,6408.77362,2505.65803,1192.41763,2450.34759,954.03682,-2273.65153,8061.80253,2168.15344,8958.68794,19477.82639,14005.56238,11390.26623,14652.34207,1791.65957,-93.62598,-3361.66028,-3368.21429,-9779.64546,1044.32831,17022.61364,-7990.26491,3825.26193,9643.58119,7959.98763
5,country,Republic of Moldova,0,0,17,14,12.02,66.91,23.74,78.74,75.51,37.89,127.54,103.44,84.05,73.75,146.2,190.7,258.47,541.26,711.46,274.14,292.96,359.67,241.44,233.21,341.69,237.3,83.23,151.59,312.84,522.82,149.96,404.34,591.37,428.36
5,country,Russian Federation,0,0,1161,1210.782,689.574,2065.723,2579.321,4864.643,2761.36,3285.93,2651.06,2808.331,3425.021,7754.758,15283.751,14375.052,37441.574,54921.85,75855.697,27752.258,31667.969,36867.773,30187.664,53397.139,29151.662,11857.81,37175.76691,25953.53583,13227.64206,32075.62193,10409.87,38638.88,-15204.6,8363.52
5,country,Serbia,0,0,0,0,0,0,0,740,113,112,51.78091,177.44092,490.63573,1466.98659,958.46976,1577.03577,4255.70364,4405.90689,3971.8563,2896.05718,1686.10375,4932.25162,1298.5703,2053.09739,1998.79507,2347.55977,2352.01656,2878.29158,4090.50567,4269.81252,3468.52677,4589.57485,4598.44317,4870.13429
5,country,Serbia and Montenegro,0,0,125.68131,96.10735,62.58478,44.98535,0.001,0,0,0,0,0,0,0,0,0,0,0,0,0,0,0,0,0,0,0,0,0,0,0,0,0,0,0
5,country,Switzerland,5483.88954,2642.27784,411.03099,-83.24197,3366.99106,2222.46653,3078.45406,6635.798,8940.75775,11718.59189,19854.57474,9389.13612,6864.25725,17305.4617,1845.83836,-266.94936,44598.43361,33538.24238,16214.86619,29934.89716,29875.9404,26414.90267,29482.97401,1154.9207,9340.07171,65063.28284,88472.38118,128156.4715,-100954.1927,-84435.83899,-49570.22358,-76784.95075,-43248.01211,13506.82812
5,country,Ukraine,0,0,200,200,159,267,521,623,743,496,595,792,693,1424,1715,7808,5604,9891,10913,4816,6495,7207,8401,4499,410,-331,4055,3727,4732,6017,-36,7320,557,4247
5,country,United Kingdom,30461.116,14846.168,17236.65875,16956.70237,10235.26729,23589.64,28448.04184,33128.36833,65062.00482,90033.76711,115304.0181,35948.78033,19683.07447,16590.14616,61219.74441,182927.9379,147372.4303,176838.6384,92158.33343,89709.13776,58200.28153,42200.40023,55446.12011,51675.89032,24690.24073,39185.7001,258698.6755,96353.8315,87837.47725,53918.27123,44397.4359,-71173.82902,14911.83308,-89247.38266
3,region,North America,56004.276,25679.957,23945.744,55394.586,53299.115,68026.772,94088.764,114923.1838,197237.446,308120.0652,380802.0522,187124.4211,96612.45587,60628.24546,135380.9646,130464.5561,297429.9102,332772.594,367918.5191,166303.6763,226449.4427,269531.2979,242145.0061,270761.2412,260738.2048,511460.9699,495474.8742,331723.8459,240895.9248,280473.6794,118889.6496,449817.5207,378526.7679,361271.133
4,country,Canada,7582.276,2880.957,4723.744,4731.586,8204.115,9254.772,9633.764,11525.1838,22803.446,24744.06521,66795.05222,27663.42106,22155.45587,7482.24546,-445.03543,25691.55608,60293.91022,116820.594,61552.51912,22699.67632,28400.44265,39669.29788,43111.00614,69368.24121,59005.2048,43835.96994,36055.87423,22766.84593,37661.92475,50543.67938,25593.64964,60381.52068,46174.76787,50324.13296
4,country,United States,48422,22799,19222,50663,45095,58772,84455,103398,174434,283376,314007,159461,74457,53146,135826,104773,237136,215952,306366,143604,198049,229862,199034,201393,201733,467625,459419,308957,203234,229930,93296,389436,332352,310947
3,region,Other developed economies,12577.91384,8535.67002,10628.65368,7781.32598,9879.38043,18633.88479,14175.80029,18230.7235,18605.8048,30503.95082,42394.01488,22152.71378,32300.81838,20219.70606,65940.13026,-5809.02301,47332.98498,85853.59337,95994.02917,58090.8391,52195.12338,79579.79157,83370.96784,85595.53048,88292.57246,47544.37435,94914.20486,92711.69555,113560.5013,83589.26475,59772.91343,103277.3551,153548.8634,86632.4315
4,country,Australia,7904.39168,4055.27513,5479.38163,4054.91785,4762.56626,11678.76178,5629.7247,7762.47235,5528.85672,1847.15636,14190.96375,7825.43032,14246.20768,6338.89137,39611.69333,-28294.65356,26313.84745,41479.5786,46905.66861,31893.08917,36795.51625,58931.59409,59574.38437,56765.52363,58506.70657,29580.2688,48402.10822,46115.76075,67568.88014,38535.78745,14161.59413,23854.7382,63365.66634,29873.94955
4,country,Israel,137.12,49.56,303.868,471.85,475.199,1576.598,1616.775,1990.376,1966.699,4187.194,6957.443,1771.719,1582.835,3322.393,2947.35,4818.272,14395.879,8798.282,10274.699,4607.028,6984.909,8653.401,9017.54,11842.324,6049.105,11336.502,11988.255,16892.825,21514.605,17362.681,20968.888,18950.1,23031.45,16422.43
4,country,Japan,1806.03901,1284.26882,2755.60398,210.43544,888.38447,41.46307,228.08355,3224.61836,3192.5763,12741.33635,8322.73929,6241.59583,9239.34826,6323.97764,7815.41782,2775.75804,-6505.84356,22548.85099,24425.12215,11938.34141,-1251.81049,-1758.33448,1731.53195,2303.71822,12029.78823,2975.52794,19358.83601,9355.58724,9962.72084,13755.37321,11768.22608,34294.02016,34194.42283,21433.36482
4,country,New Zealand,1684.76315,1691.36607,1088.20007,2211.82269,2616.6307,2849.96194,3918.61704,1917.45679,1825.77278,941.46411,1346.56884,-250.13137,1751.92744,-2788.45595,1439.66911,1204.70051,3706.20209,3589.38178,3122.86941,700.86452,-61.62138,4238.00096,3504.00152,1862.46463,2436.79766,-308.93039,2978.70563,2722.73183,2236.27892,4296.13769,3997.25562,4116.56529,7902.6974,3567.84713
4,country,Republic of Korea,1045.6,1455.2,1001.6,832.3,1136.6,2487.1,2782.6,3301.1,5989.2,10726.3,11509.4,6522.3,5475.1,7010,13294.4,13643.2,9161.9,8826.9,11187.5,9021.9,9497.4,9773,9495.9,12766.6,9273.6,4104.1,12104.3,17912.9,12182.6,9634.3,8764.9,22060.4,25044.7,15178.4
4,country,Bermuda,0,0,0,0,0,0,0,34.7,102.7,60.5,66.9,41.8,5.4,12.9,831.6,43.7,261,610.6,78.17,-70.384,230.73,-257.87,47.61,54.9,-3.425,-143.094,82,-288.10927,95.41637,4.9854,112.0496,1.53142,9.92678,156.44
2,region,Developing economies,33608.23089,37876.10717,52579.69311,76275.29045,102174.2576,116735.7203,146305.613,185086.4116,171936.2186,207975.7467,222711.2967,212988.0128,165395.2388,194038.0908,258027.8987,322840.2922,391357.7389,506880.0784,554126.5171,436788.6648,608801.8309,669561.4145,669878.6871,663030.2087,686938.17,739675.0957,674920.4213,700835.6481,701389.2238,704488.95,646982.7884,889964.8906,929551.2686,867416.6771
3,region,Africa,2845.17325,3543.5513,3839.97536,5443.86537,6104.51646,5665.13173,6047.85032,11030.17195,9991.92051,11893.76312,10381.7824,19972.76751,14761.36011,18156.99085,17646.69289,29408.09512,34392.72694,51379.98068,59203.5385,57414.72453,47968.31629,47646.36939,57978.56038,51083.25105,54773.51159,58403.77918,47710.15983,40518.46013,43772.15426,46974.65725,41048.0974,82195.84229,54464.95464,52632.87051
4,region,North Africa,1155.481,914.0838,1595.7831,2411.6939,2277.3567,1228.2149,1468.178,2746.90951,2993.2488,3347.94922,3250.12918,5357.61259,3871.56167,5265.55392,6443.8979,11613.38813,21594.52558,23096.86353,22205.47731,18141.53507,15745.91843,7548.34438,15758.99382,11964.39467,12038.75044,12326.72107,13841.16317,13274.57791,15406.63683,13550.10837,9797.29339,9508.78845,15323.41363,13461.39026
5,country,Algeria,40,80,30,0.001,0.001,0.001,270,260,606.6,291.6,280.1,1113.10554,1064.96,637.85303,884.74903,1145.6177,1888.45621,1743.63093,2632.0478,2754.11889,2301.22592,2580.62641,1499.44685,1696.86675,1506.73344,-584.5392,1636.29924,1232.34192,1474.58907,1381.835,1139.724,869.6996,254.7369,1216.323
5,country,Egypt,734,253,459,1206.5,1133.4,595.2,636.4,886.9,1075.5,1065.3,1235.4,509.9,646.9,237.4,2157.4,5375.6,10042.8,11578.1,9494.6,6711.6,6385.6,-483,6031,4256,4612,6925.2,8106.8,7408.7,8141.3,9010,5851.8,5122,11399.9,9840.6
5,country,Libya,158.911,91.9038,99.0931,58.1529,-72.6243,-88.4861,-111.722,-67.9,-127.894,-128.069,141,-133,145,143,357,1038,2064,3850,3180,3310,1909,0,1425,702,0,0,0,0,0,0,0,0,0,0
5,country,Morocco,165,317,424,491,551,332,322,1204.70951,400.2428,1380.41822,421.96205,2807.06007,480.69071,2314.4684,894.56271,1653.98573,2449.4462,2804.50128,2487.0941,1951.70719,1573.85627,2568.43435,2728.36109,3298.10243,3560.93139,3254.79935,2157.14944,2686.02972,3558.87886,1719.96145,1419.20787,2266.45561,2260.0894,1094.61393
5,country,South Sudan,0,0,0,0,0,0,0,0,0,0,0,0,0,0,0,0,0,0,0,0,0,0,161,-793,44,0.15,-7.85,1.42,60.14,-231.84,17.5,67.5,121.5,-6.335
5,country,Sudan,-31.13,-0.62,0.09,-0.16,99.18,12,0.4,97.9,370.7,370.8,392.2,574,713.18,1349.19,1511.07,1617.09814,1841.83381,1504.37984,1653.12032,1726.2984,2063.731,1734.37699,2311,1687.88418,1251.28089,1728.3734,1063.76754,1065.29848,1135.78716,825.35499,716.93971,522.9,573.5,548.2
5,country,Tunisia,88.7,172.8,583.6,656.2,566.4,377.5,351.1,365.3,668.1,367.9,779.46713,486.54698,820.83096,583.64249,639.11616,783.08656,3307.98936,1616.25148,2758.61509,1687.81059,1512.50524,1147.90663,1603.18588,1116.54131,1063.80472,1002.73752,884.99695,880.78779,1035.94174,844.79693,652.12181,660.23324,713.68733,767.98833
4,region,Other Africa,1689.69225,2629.4675,2244.19226,3032.17147,3827.15976,4436.91683,4579.67232,8283.26244,6998.67171,8545.8139,7131.65322,14615.15492,10889.79844,12891.43693,11202.79499,17794.70699,12798.20136,28283.11715,36998.06119,39273.18946,32222.39786,40098.02501,42219.56656,39118.85638,42734.76115,46077.05811,33868.99666,27243.88222,28365.51743,33424.54888,31250.80401,72687.05384,39141.54101,39171.48025
5,region,Central Africa,-1.19446,22.21913,161.55542,217.6452,-59.44115,-103.76165,0.63946,-103.29355,723.44671,487.62076,670.41376,1590.95919,2221.34157,2678.57447,1514.44848,2032.25384,1388.32844,5274.00689,4469.28022,5456.98749,7799.22602,5551.94703,5460.73518,5427.23588,5320.02567,9314.92424,7104.09071,9091.67381,8822.41565,9254.03394,8917.23756,6607.10135,7082.99758,5875.11676
6,country,Burundi,1.25543,0.8925,0.60009,0.47368,0.00396,1.98192,0,0,0,-0.57261,11.68325,-0.00229,0,0,0.04469,0.5847,0.03159,0.50024,3.83321,0.3484,0.78058,3.35501,0.60492,7.40717,47.06101,7.36045,0.05546,65.30316,6.66353,30.28971,21.22621,22.37744,25.28599,28.50275
6,country,Cameroon,-112.831,-14.498,29.2038,5.12073,-9.00569,7.29242,101.316,78.3356,215.105,-15.4947,158.801,73.2851,601.746,336.268,86.1221,234.007,16.384,191.017,-24.19802,668.329,-0.551,355.4,739.177,567.239,726.548,694.33673,663.9,814.45894,765.09201,1024.77924,675.18699,963.5315,925.68155,799.20472
6,country,Central African Republic,0.69785,-4.87404,-10.6766,-9.98013,3.60228,6.20057,10.92558,1.49742,7.30059,5.97695,0.88907,5.1839,5.64429,11.3,15.1,10.1,34.67,56.75,117.11,42.28,61.52,36.90846,70.03516,1.85279,3.47501,3,7.25609,6.88875,18.00354,25.60116,1.73736,5.40998,24.04772,38.74245
6,country,Chad,9.4,4.23954,1.96078,15.1609,27.0747,32.61157,39.46617,44.29394,21.69668,24.52497,115.17242,459.86639,924.11921,712.66345,466.79349,-99.34252,-278.414,-321.655,466.131,374.9,313,281.9,579.79304,520.20075,-675.54592,559.64202,244.68212,363.38164,460.89051,566.63895,557.6925,705.10076,614.01851,913.33272
6,country,Congo,22.55156,32.75353,2.73903,286.05432,2.99,121.81557,72.57913,79.17159,32.77724,520.63752,165.90447,77.25373,136.77854,323.12973,-8.48784,585.16346,553.58297,1467.62869,2031.87995,1272.93905,928.43601,186.30501,-282.83519,609.44048,1659.45022,3803.30013,1611.6182,4416.95373,4315.25092,3366.08501,4015.53145,531.98139,532.25625,626.47371
6,country,"Congo, Democratic Republic of",-14.46,12.39,-0.73,6.87,-1.5,-22.35,24.79,-44.35,61.33,11.16,94.1904,102.2219,187.59869,391.25472,409.03281,266.6,256.1189,1808.03272,1726.84338,663.80289,2939.27,1686.9,3312.14274,2098.2491,1843.17324,1673.5001,1204.70862,1340.2041,1616.79488,1488.05357,1646.92106,1870.0325,1845.77331,1634.6299
6,country,Equatorial Guinea,11.0738,41.3248,6.01832,22.3017,16.9955,63.34594,247.63856,53.45153,274.76812,154.29617,154.49959,940.74122,323.39151,689.77977,340.91447,769.14619,469.50601,1242.73109,-793.87233,1636.21963,2734,1975,985.25641,582.9487,167.87518,1187.69901,1755.30229,384.83321,-144.46577,821.41313,-9.07249,561.59562,1388.19164,141.78089
6,country,Gabon,73.4579,-54.5892,126.94,-113.716,-99.6029,-316.68964,-498.61598,-318.42363,99.16908,-217.68754,-42.62644,-89.09076,36.96333,206.0788,193.72876,242.33501,267.805,710.71898,760.16303,663.99852,521.66563,874.87316,-220.87367,771.19255,1047.70295,990.78618,1243.66016,1314.02933,1379.07082,1553.13688,1716.51151,1529.22108,1104.59204,1150.73328
6,country,Rwanda,7.66,4.58,5.5,5.84,0.001,2,2.22,2.59,7.1,1.74,8.1,18.5,1.5,4.7,7.7,7.96,30.64397,82.28317,102.29,118.67,250.5048,119.10539,254.96324,257.6,458.9,379.8,342.3,356.4365,381.9116,353.84449,259.54811,399.29449,496.40637,523.27431
6,country,São Tomé and Principe,0,0,0,-0.48,0,0.03,0.32,0.14,4.2,3.04,3.8,3,3.6,3.4,3.5,15.7,38,36,79.1,15.5,50.6,32.2,22.47153,11.10534,41.38598,15.49962,30.60777,29.18445,23.20361,24.1918,31.95486,18.55659,126.7442,18.44203
5,region,East Africa,132.89312,92.08375,98.8665,133.34018,218.80459,401.03948,419.89769,808.54336,811.26329,970.95832,1854.55839,1122.47029,1022.67735,1312.24615,1419.51116,1868.31136,2266.35037,4552.46095,6023.65101,6531.13616,6894.86673,7158.37304,8263.37666,8112.54817,7308.02401,7716.79319,8301.79788,8778.96312,7918.40854,7681.15394,7439.27876,10081.65688,11543.28853,11225.55379
6,country,Comoros,0.393,2.50616,-1.44698,0.19071,0.17771,0.88953,0.51,0.02,0.38422,0.271,0.09364,1.14591,0.43042,0.79147,0.67135,0.55864,0.77773,7.68179,4.63183,13.78411,8.34226,23.08816,10.41205,4.23164,4.68456,4.9367,3.56982,3.91947,5.67235,3.67736,3.87585,4.02477,3.83906,5
6,country,Djibouti,0.06,2.3,2.29,1.42,1.42,3.21853,3.26354,3.10037,3.17351,3.2129,3.28605,3.39296,3.43235,14.22454,38.54356,22.20334,108.28771,195.35114,228.94875,74.72274,36.50103,79.00023,109.99826,286.00447,152.99839,123.99842,159.99887,165.00113,170.00338,175,158.23205,167.97677,190.85427,137.00945
6,country,Eritrea,0.00001,0.00001,0.00001,0.00001,0.00001,0,36.7,41.1,148.518,83.2221,27.87011,12.13163,22.76617,24.99979,24.10366,1.43155,15.37561,7.2065,39,91,91,39,41.358,43.859,46.511,49.323,52.305,55.468,61.015,-60.67191,-30.34959,-31.22819,-32.04567,2.07038
6,country,Ethiopia,12,6,0.17,3.5,17.21,14.14,21.93,288.49,260.67,69.98,134.64,349.4,255,465,545.1,265.112,402.5,668.8,951.5,905.6,1002.4,1128.9,1186.22315,1343.85256,1855.051,2626.52092,4142.93625,4017.16061,3360.41171,2548.74569,2380.97722,4259.52728,3670.0901,3262.96632
6,country,Kenya,57.1,18.8,6,2,4.3,33,10.54714,53,11.41358,13.82186,110.90461,5.30262,27.62523,81.7352,46.06395,21.21294,50.6748,897.39699,642.74044,1855.1947,1882.06816,2233.93854,2175.05181,1978.36093,1513.9001,1463.73759,1138.61288,1403.56759,1139.43822,1098.37595,1509.62113,1406.20537,1597.20195,1504.34282
6,country,Madagascar,22.38502,13.68176,21.12676,15.35884,5.72656,9.70874,10.1626,13.76084,16.142,58.381,82.9526,93.0592,61.10993,95.45113,95.19172,86.01968,294.51276,740.52607,1392.70123,1269.40921,764.68576,788.07824,777.6366,551.31641,313.68227,435.82423,450.62627,357.86221,352.55162,474.31143,358.46714,357.53667,467.84866,414.54097
6,country,Mauritius,40.97285,18.97485,14.77845,15.35585,20.0441,18.69288,36.66126,55.27774,12.17037,49.35321,276.76612,-25.64428,32.10734,62.07552,11.16425,41.56468,105.30432,339.05287,382.91486,247.8426,429.94179,433.33101,589.0183,293.36916,455.56215,216.45519,378.76443,479.99589,460.51137,444.07776,224.66808,253.18925,579.77345,759.82126
6,country,Mayotte,0,0,0,0,0,0,0,0,0,0,0.01,0,0,0,0,5,0.03,0,0,0,0,0,0,0,0,0,0,0,0,0,0,0,0,0
6,country,Reunion,0.02992,7.40806,39.38779,0.11562,0.02989,0,0,0,0.70855,1.46243,0,0.20598,0.10013,0,0,0,0,0,0,0,0,0,0,0,0,0,0,0,0,0,0,0,0,0
6,country,Seychelles,0.26232,21.55291,1.62047,18.83415,30.74432,45.8808,28.80615,53.39364,53.20979,55.21677,24.32698,64.74027,47.71778,58.4255,37.44667,85.8796,145.58595,181.628,182.103,171.402,210.805,207.363,261.36,170.254,229.97,194.545,155.24,186.58408,-66.12533,30.3974,164.5362,224.7847,212.0543,238.4718
6,country,Somalia,5.59,-0.15,-0.06,2,1,1,1.3,1.1,0.04,-0.81,0.27,0.04,0.14,-0.85,-4.79,24,96,141,87,108,112,102,107.33,258,261,303,330,369,408,447,534,601,636,676.5
6,country,Uganda,-5.91,1,3,54.565,88.152,124.509,121.507,141.50077,132.63327,140.24705,180.81211,151.496,184.648,202.193,295.416,379.80834,644.2625,792.30578,728.8609,841.5708,543.87273,894.29386,1205.38849,1096,1058.56454,737.65214,625.70436,802.70414,1055.35335,1303.00501,1191.48542,1648.24026,2952.94169,2886.01053
6,country,United Republic of Tanzania,0.01,0.01,12,20,50,150,148.51,157.8,172.2,496.6,1012.62617,467.2,387.6,308.2,330.6,935.52059,403.03899,581.51181,1383.25,952.61,1813.25,1229.38,1799.6,2087.3,1416.1,1560.8,864.04,937.7,971.57687,1217.23525,943.76526,1190.4,1264.73072,1338.82026
5,region,Southern Africa,4.56565,1147.99466,582.43837,559.625,880.40545,2278.86151,1544.08363,4859.92685,2956.88349,4749.20108,2475.61906,9826.74124,4732.50604,5557.80104,4645.49649,6797.99226,2095.9875,8901.26676,14023.28993,12661.45484,5605.17524,8454.48733,12223.87366,11345.82559,18105.07669,19273.1415,6899.32071,-1022.54628,3498.51229,4513.50115,4870.89898,42372.70072,7449.83704,9108.57842
6,country,Angola,-334.5,664.1,288,302,170.1,472,180.63,411.65,1114,2471.401,878.601,2145.501,1743.504,3576.97178,2197.22782,-1303.83693,-37.71486,-893.34215,1678.97101,2205.29818,-3227.21118,-3023.77097,-1464.62799,-7120.01742,3657.51467,10028.21516,-179.51762,-7397.29541,-6456.07641,-4098.47875,-1866.46811,-4355.11655,-6598.65265,-2085.57772
6,country,Botswana,95.9,-8.21148,-1.5,-287.4,-14.15455,70.41314,71.17502,100.08875,95.31813,36.67438,61.2433,30.68192,403.4139,417.98571,390.96783,421.38124,486.39004,494.68163,520.91778,208.69935,218.38,293.20777,146.49549,67.13663,515.18409,378.55387,142.52258,260.57505,285.95506,93.60713,31.8072,-318.87195,707.88675,198.47008
6,country,Eswatini,28.46088,85.36762,84.35594,71.89642,63.27474,43.49505,21.72421,-15.32131,152.72381,100.38498,105.7951,28.17922,96.43572,-63.88843,69.58538,-45.85389,121.0358,37.49986,105.72288,65.69763,119.63853,108.3897,31.53814,84.67258,25.5373,41.32134,21.38487,-56.01018,36.47445,130.2215,35.88621,117.47392,14.54889,29.34292
6,country,Lesotho,16.11706,7.24291,7.64373,15.3317,42.58195,23.40719,28.02749,31.6843,26.77144,32.73601,32.4007,29.68,28.4013,43.9366,56.68,27.4,24.3,75.6,11,91.3,51,150,138.79,123.62,160.78,206.51446,80.33229,42.05744,40.55839,35.38679,27.95779,-12.42787,-8.30465,-25.63376
6,country,Malawi,23.3,-28.7,-7.1,8,24.99263,5.64306,15.76759,14.90063,12.1,58.49987,39.63177,39.37008,38.71906,13.26209,58.94876,99.14082,35.56,124.35,195.42,49.13,97.01,812.686,-8.886,445.52074,598.73778,408.46549,115.7,90.2,77.01231,55.22783,252.17904,129.49708,243.24407,208.30673
6,country,Mozambique,9.2,22.5,25.3,32,35,45,72.5,64.4,234.9,381.7,139.3,255.43549,347.25283,336.6984,475.51357,107.85332,112.60066,398.65564,591.59923,898.28488,2531.66175,3558.54361,5629.4097,6175.12464,4901.79009,3866.83199,3093.4,2293.1,2703.03129,2211.65443,3034.562,5101.668,2458.453,2509.403
6,country,Namibia,29.56727,120.48585,118.2324,55.29816,97.97792,152.98766,128.69387,83.76809,77.29348,19.60625,186.40557,365.17218,181.36348,148.74887,225.84722,385.24106,386.57575,732.95985,720.26653,841.18253,283.79989,817.06544,1060.80697,769.86464,441.17377,887.99553,355.59023,279.94604,208.55676,-178.92567,-146.48706,851.16159,1071.91766,2345.02706
6,country,South Africa,-78.45956,248.06976,3.5063,10.09872,379.63276,1241.21541,817.56545,3816.65639,561.47663,1503.23759,887.34162,6783.92135,1569.15575,733.66602,798.02591,6646.92664,311.45011,6538.06193,9209.1725,7502.06227,3635.59625,4242.86578,4558.84735,8300.10378,5770.65899,1729.37699,2235.00147,2008.36098,5449.55401,5124.98696,3062.25642,40215.09908,9230.76283,5232.83053
6,country,Zambia,202.78,34.34,45,314.4,40,107,127.1,217,238,85.961,121.7,145,298.36,346.62,364,356.94,615.79,1323.9,938.62,694.8,1729.3,1108.5,1731.5,2099.8,1488.7,1304.86667,662.90689,1107.5198,408.43849,859.82093,245.20549,394.21742,-65.11886,108.00958
6,country,Zimbabwe,12.2,2.8,19,38,41,117.7,80.9,135.1,444.3,59,23.2,3.8,25.9,3.8,8.7,102.8,40,68.9,51.6,105,166,387,400,400,545,421,372,349,745.00794,280,194,250,395.1,588.4
5,region,West Africa,1553.42794,1367.16996,1401.33197,2121.56109,2787.39087,1860.77749,2615.05154,2718.08578,2507.07822,2338.03374,2131.06201,2074.9842,2913.27348,3342.81527,3623.33886,7096.14953,7047.53505,9555.38255,12481.84003,14623.61097,11923.12987,18933.21761,16271.58106,14233.24674,12001.63478,9772.19918,11563.78736,10395.79157,8126.18095,11975.85985,10023.38871,13625.59489,13065.41786,12962.23128
6,country,Benin,62.37673,120.78041,77.57318,1.40555,13.64901,8.01366,13.48836,13.7064,32.71453,39.26432,59.73656,43.85851,13.50812,44.73159,63.84433,53.04398,53.20048,255.24395,169.83508,134.28607,176.80409,161.09135,281.56483,360.34338,405.73733,149.75561,131.79068,200.90272,194.07368,218.20787,174.01995,345.98524,375.98858,433.85131
6,country,Burkina Faso,0.46,0.57,3.11305,3.17838,18.37159,9.81673,16.22513,9.76581,4.40714,7.92595,23.10752,6.26706,15.02608,29.12251,14.34832,34.15183,33.59406,343.53502,105.77149,100.89668,34.61901,143.65731,329.3009,490.40341,356.40382,231.9017,390.62211,2.57269,268.41491,162.96954,-102.24363,-79.95736,669.73868,85.35449
6,country,Cabo Verde,0.2526,1.74433,0.45047,3.64407,2.12844,26.1806,28.528,11.57661,8.76072,61.12946,43.44577,12.68305,38.52445,12.41325,35.52928,53.43892,130.64877,190.39148,207.48057,174.52663,159.02902,161.65684,129.04471,88.00776,181.44855,96.08845,125.98065,111.10929,103.18959,123.00938,67.59679,91.09871,93.40087,118.32327
6,country,Côte d'Ivoire,48.43443,18.52489,69.05384,175.15353,117.53857,211.76084,269.19453,415.45808,760.09913,235.34877,234.70173,272.6799,212.58042,165.39057,282.97983,311.92034,318.86439,426.77672,446.14732,377.12893,338.94164,301.57672,330.27524,407.59053,439.35696,494.40875,577.87152,975.015,620.33065,935.6846,712.91589,1376.5588,1599.17353,1752.55729
6,country,Gambia,14.12,8.03,12.93,11.19,8.75,15,18.35,20.57,23.7,49.48,43.52,35.48,42.827,10.70428,55.52629,53.65034,82.20818,76.46148,70.10238,39.4421,37.11502,36.1,41.2,25.5,35.6,12.5,-27.7,18.44484,51.94,71.08331,189.9,248.55,236,208.37222
6,country,Ghana,14.8,20,22.5,125,233,106.5,120,81.8,167.4,243.7,114.9,89.3,58.9,110.02,139.27,144.97,636.01,855.4,1220.42,2897.1,2527.36,3237.39,3293.43,3226.33,3357,3192.3,3485.3,3255,2989.045,3879.83147,1875.78295,2612.78979,1510.87206,1354.39395
6,country,Guinea,17.86,38.77,19.69,2.72,0.21,0.77,23.77,17.301,17.849,63.45,9.94,1.68,30,82.8,97.9,105,125,385.9,381.88,0,0,956.06,0.29,-131.9,-73.7586,53.27246,1597.33993,576.49731,353.0759,43.37086,173.98994,200.73819,650.09724,893.15325
6,country,Guinea-Bissau,2.02,2.09,5.83,3.3,0.43,0.04,1.03,11.47911,4.40714,0.73088,0.70227,0.39561,3.54525,3.48933,9.18065,7.99669,17.32678,18.58046,5.14286,17.45287,33.22383,25.02405,6.62492,19.64529,28.89116,18.58302,23.99859,15.6912,20.56382,71.65868,20.98972,18.52972,33.09977,23.79969
6,country,Liberia,225.24,8.41,-10.85,-53.62,17.38,4.6,-132.13,213.82,190.31,256.26,20.8,8.3,2.8,372.22,75.3575,82.8082,107.851,131.6,283.801,217.80346,449.95883,785.3,984.6,1061.27,276.7,232.67983,311.69976,247.84298,129.12975,86.6817,737.96795,535.58291,960.19247,744.58111
6,country,Mali,5.72972,1.20522,-21.8745,4.16721,17.47102,111.38981,43.39735,69.7313,8.86852,2.17801,82.43958,121.73159,243.80477,132.26084,101.0023,223.80315,83.3923,72.7945,180.2816,748.34705,405.90215,556.1473,397.86646,307.94091,144.21483,275.52554,356.47659,563.20847,467.29539,720.63884,536.85181,639.94417,715.65917,697.96571
6,country,Mauritania,6.73622,2.26979,7,16.8,2.83477,6.8265,-0.43554,-3.32992,-0.29856,15.11946,40.096,76.7,67.34035,101.95795,404.10203,811.86918,154.60164,139.37282,342.77066,-3.07204,130.52839,588.74956,1388.58742,1125.68374,501.03791,502.07394,271.19784,587.24377,772.89048,886.91636,930.52904,1063.54008,1418.88283,873.44305
6,country,Niger,40.8132,15.1574,56.3901,-34.3513,-11.2589,14.42458,2.3458,16.61901,-1.18654,0.27611,8.43708,22.8951,2.40463,11.47109,20.32236,30.29378,50.54409,129.03872,340.42719,790.76254,940.31623,1065.78986,841.27578,719.33848,822.96702,529.4787,301.33248,338.71071,466.04227,717.14764,360.65357,594.83196,965.97462,966.0319
6,country,Nigeria,1002.5,1123.9,1156.7,1878.1,2287.4,1271.05336,2190.68466,1642.47217,1210.10526,1177.70793,1309.66517,1277.42064,2040.18209,2171.39032,2127.08614,4978.26003,4897.81,6086.73,8248.64,8649.52667,6098.96,8914.89,7127.38,5608.46273,4693.82863,3064.1689,3453.25841,2412.97492,775.2474,2305.09981,2385.27767,3313.21,894.76239,1872.52053
6,country,Senegal,56.92983,-7.44398,21.53446,-0.70631,66.82216,35.05974,5.47354,176.81254,60.34389,153.24696,62.93751,31.94237,78.05299,52.49484,77.0285,44.58849,220.31976,297.42711,397.6329,320.03278,266.10765,338.2189,276.1754,311.36677,403.09806,409.16612,472.4098,588.293,847.84158,1065.46282,1845.66388,2588.12499,2928.67605,2641.32592
6,country,Sierra Leone,32.4347,7.50447,-5.59905,-7.46292,-2.87419,7.28705,0.66393,1.80003,0.10488,0.5332,39.00092,9.83576,10.41343,8.61505,61.15322,83.18225,58.76802,96.57771,57.62382,110.84551,238.43729,950.47825,722.44685,429.66449,375.0897,252.4359,138.51734,413.7246,250.48811,342.4,172.7,212.28919,186.20031,262.96704
6,country,Togo,22.72051,5.65743,-13.10958,-6.95712,15.5384,32.05462,14.46578,18.50364,19.49311,31.68269,41.4719,63.58461,53.3639,33.73365,59.35811,76.99235,77.33558,49.16258,23.88316,48.53172,85.82672,711.08747,121.51855,183.59925,54.01941,257.86026,-46.30834,88.56007,-183.38758,345.69697,-59.20682,-136.2215,-173.30071,33.59055
3,region,Asia,21932.86593,22921.20226,32481.83845,56836.63528,68232.90948,80676.45844,96558.20711,108028.7985,90617.44483,107118.2558,132385.6537,119982.071,94114.87241,129971.8312,171867.7434,216235.3162,281388.6338,337173.0061,353379.6854,291249.5457,398134.2461,418554.1421,411836.29,417765.8682,465324.6243,523335.8606,491687.2954,503522.7018,501858.3407,497788.4203,513069.4343,666541.6842,677829.2696,621143.6319
4,region,East and South-East Asia,20919.7516,20321.69614,28501.27247,51956.86905,63475.98331,73937.25303,86988.77721,94839.68651,80610.66697,99648.21042,122026.1721,102411.853,74499.11742,103043.4936,130409.8842,152493.0628,188233.4559,230986.1935,225214.4744,195399.2399,305081.1271,309929.9604,316051.6718,328462.7143,378233.0897,429248.5645,370997.5991,410303.3992,400933.4074,397182.6325,404822.0349,542477.2031,538248.9906,512530.7322
5,region,East Asia,8098.90249,6682.41142,15762.1889,35371.53091,42980.08882,45304.8825,54073.6065,58900.00689,59685.04623,68636.89432,100274.8829,80250.43783,58311.05275,72389.53632,92324.36248,109513.4434,123695.0061,152392.7213,175666.2272,153962.9281,192303.3264,224008.6931,202831.4357,208569.1506,248225.392,313503.5399,258665.3755,253391.4948,254454.7332,232334.5167,285511.6813,334030.4685,315115.0343,286213.8502
6,country,China,3487.11,4366.34,11007.51,27514.95,33766.5,37520.53,41725.52,45257.04,45462.75,40318.71,40714.81,46877.59,52742.86,53504.7,60630,72405.69,72715,83520.89,108312.44,94060.72,114734.24,123985,121073.14,123911.2,128501.56,135576.6,133711.42,136315.13,138305.89,141224.62,149342.26,180957.2149,189132.41,163253.45
6,country,Democratic People’s Republic of Korea,6.24019,2.37136,5.7118,5.855,0.27,0,2.07279,-0.49104,59.9189,-2.96923,-2.75382,-19.84095,5.59621,57.2136,64.95919,-5.97999,-235.79093,22.05345,170.96528,86.3481,13.58522,103.12499,205.21289,119.74264,64.09743,78.20703,89.31727,-12.83242,1.95353,29.89501,6.33871,18.11686,10,13.26082
6,country,Mongolia,0,11.12,2,7.7,6.9,9.8,15.9,25,18.9,30.4,53.699,63.001,77.751,131.54,92.92,187.62,245.46,372.76,844.698,623.609,1691.422,4571.163,4272.473,2059.702,337.768,94.32,-4156.405,1494.35,2173.741,2443.34,1719.12,2173.39,2504.295,2247.574
6,country,"Hong Kong, China",3275.0723,1020.86006,3887.4671,6929.62591,7827.93882,6213.3625,10460.17371,11368.14793,13939.36733,25355.33355,54581.91774,29060.6828,3662.17374,17830.80232,29153.8264,34057.83219,41810.64725,58403.47014,58315.38636,55535.20173,70540.73987,96580.80678,70179.79944,74294.22383,113037.7814,174352.8881,117386.969,110684.5026,104245.7103,73714.02734,134709.8521,140186.0226,109685.0034,112675.6048
6,country,"Macao, China",0.48,10.72,-19.5,-3.6,3.48,2.19,5.94,2.31,-17.89,9.42,-0.79,160.00498,377.6718,412.2804,484.65689,1243.28116,1735.68975,2304.54775,2590.73753,852.04928,2831.3393,725.59836,3893.8104,4586.28208,3456.18514,1010.52479,1942.07423,1509.34463,2613.43843,6682.63434,-6318.8895,5279.72407,3625.32588,2323.96052
6,country,Taiwan Province of China,1330,1271,879,917,1375,1559,1864,2248,222,2926,4928,4109,1445,453,1898,1625,7424,7769,5432,2805,2492,-1957,3207,3598,2828,2391,9692,3401,7114,8240,6053,5416,10158,5700
5,region,South-East Asia,12820.84911,13639.28472,12739.08357,16585.33814,20495.89449,28632.37053,32915.17071,35939.67962,20925.62074,31011.3161,21751.28921,22161.41513,16188.06467,30653.95723,38085.5217,42979.6194,64538.44982,78593.47211,49548.24726,41436.31178,112777.8007,85921.26727,113220.2361,119893.5638,130007.6977,115745.0247,112332.2236,156911.9044,146478.6741,164848.1158,119310.3536,208446.7346,223133.9564,226316.882
6,country,Brunei Darussalam,7,5,7,8,5.89,582.76056,653.6,701.74,573.25,747.86867,549.60725,526.42565,1035.52846,3298.07426,205.60847,289.48364,434.02954,260.1671,322.58656,370.08188,480.72255,691.17027,864.90553,775.642,567.88973,173.24334,-149.64129,460.08371,517.30311,374.57329,577.44312,204.74934,-292.41615,-51.0671
6,country,Cambodia,0,0,33,54.12,68.9,150.7,293.7,168.1,242.823,232.239,148.504,149.397,145.106,83.981,131.416,381.18,483.209,867.289,876.88449,984.71307,1404.31545,1538.88342,2003.849,2068.471,1853.471,1822.804,2475.916,2785.73085,3212.63345,3663.033,3624.645,3483.462,3578.831,3958.792
6,country,Indonesia,1092,1482,1799,2003,2191,4419,6245,4729,-207,-1838,-4550.37,-2977.39,145.09,-596.92,1895.89,8336.257,4914.221,6928.471,9318.454,4877.87,13770.58,19241.25,19137.87,18816.66,21810.52,16641.45,3921.23,20579.23,20563.47,23883.25,18590.96,21131.11,25389.92,21627.67
6,country,Lao People's Democratic Republic,6,6.9,7.8,29.9,59.2,95.1,159.8,86.3,45.3,51.60827,33.89,23.9,4.5,19.4,17,27.7,187.4,323.5,227.7,189.5,278.8,300.75,617.75539,681.39726,867.64612,1077.75991,935.29617,1686.27579,1358.01951,755.52412,967.70609,1071.91372,635.82099,1668.16322
6,country,Malaysia,2611,4043,5138,5741,4581,5815,7297,6323,2713.99573,3895.26316,3787.63158,553.94737,3203.42105,2473.15789,4624.21053,4065.39058,6060.22605,8594.73407,7171.97849,1453.0393,9060.0421,12197.57647,9238.83061,12115.46728,10877.3452,10082.34106,11335.92773,9398.81454,7618.3377,7812.77716,3159.5149,12173.37493,16939.60068,8652.706
6,country,Myanmar,225.1,235.1,149,91.7,135.2,317.6,580.7,878.8,683.6,304,91.115,15.29,17.709,1855.15,729.93,110.35,724.245,2.194,603.425,27.15,6669.403,1117.686,496.877,584.298,946.223,3141.38,2929.606,4408.891,2891.919,2508.877,1907.15404,2066.60647,1238.5,1520.172
6,country,Philippines,550,556,776,1238,1591,1459,1520,1249,1752,1247,2240,195,1542,491,688,1850.936,2928.791,2823.719,1544.028,1990.338,1070.38694,2007.15073,3215.41516,3737.37174,5739.57402,5639.15596,8279.54827,10256.4424,9948.59882,8671.36587,6822.13329,11983.36333,5939.21499,6209.69279
6,country,Singapore,5574.74911,4887.09444,2204.33771,4686.31443,8550.18855,11942.80997,11432.37071,15701.73962,5958.65201,18852.95228,14751.79238,17301.64311,5338.35216,16353.24708,22324.8907,17747.77698,37480.37988,42608.91779,11810.14376,18531.87671,57460.08463,39890.36238,60102.98636,56671.62151,73286.61063,59700.10838,67507.58206,85354.79713,73115.08687,97532.61719,74857.47335,126674.1001,141117.6883,159669.6225
6,country,Thailand,2575,2049,2151,1807,1369,2070,2338,3882,7492,6106.38472,3410.119,5073.202,3355.416,5222.348,5858.576,8215.6372,8917.47035,9194.78515,8054.35147,5361.81182,14554.95,1370.363,9135.216,15493.02,4809.074,5623.782,2491.28,7874.923,11705.38,3765.093,-6283.98,14417.09,11082.18,4547.811
6,country,Timor-Leste,0,0,0,0,0,0,0,0,0,0,0,0,0.942,4.519,0,0.908,8.478,8.695,39.698,49.931,28.516,47.075,38.531,49.615,49.344,43,5.4787,6.71594,47.92566,-238.99486,-712.69617,-419.03523,-395.38345,13.31959
6,country,Viet Nam,180,375.19028,473.94586,926.30371,1944.51594,1780.4,2395,2220,1671,1412,1289,1300,1400,1450,1610,1954,2400,6981,9578.99749,7600,8000,7519,8368,8900,9200,11800,12600,14100,15500,16120,15800,15660,17900,18500
4,region,South Asia,212.80133,446.93912,754.38197,1354.26813,1949.95949,2816.34538,3379.97025,5413.6109,3926.5707,3249.48234,4866.28476,6747.14238,10570.66549,8376.23339,10864.7833,14182.11402,28589.52589,34594.65224,56591.64915,42466.31577,34862.51151,44331.58997,32364.80726,35612.52318,41449.47333,51227.32276,54307.28102,51643.65261,52261.75842,59090.40288,71049.677,52683.02557,57518.57369,35973.5615
5,country,Afghanistan,0.00001,-0.28,0.36,-0.02,0.02,-0.09333,0.69,-1.46,-0.01,6.04,0.17,0.68,50,57.8,186.9,271,238,188.69,46.03374,197.51273,54.20055,57.62084,40.86394,48.31135,42.97526,169.14661,93.59132,51.5339,119.43511,23.40455,12.97015,20.60098,0,0
5,country,Bangladesh,3.23878,1.39044,3.72185,14.0499,11.1478,92.3,231.61,575.29,576.46,309.12,578.64,354.47,335.47,350.25,460.4,845.26,792.48,666.36,1086.31,700.16,913.32,1136.38,1292.56,1599.16,1551.28,2235.39,2332.72,2151.56,3613.3,2873.95,2563.58,2895.56,3479.95,3004.4
5,country,Bhutan,1.6,0.6,0,0,0,0.05,1.4,-0.7,0,1.05027,0,0,2.42541,3.37031,8.85991,6.21088,72.16204,40.1964,4.43414,12.77262,26.24735,33.48539,53.8108,17.99592,23.43471,6.49477,-7.42406,-6.58904,6.0663,3.21717,0.61009,1.11319,15.29931,18.34341
5,country,India,236.69,75,252,532,974,2151,2525,3619,2633,2168,3587.98975,5477.63762,5629.67108,4321.07644,5777.8072,7621.76871,20327.76392,25349.89177,47102.41725,35633.93949,27417.07664,36190.45603,24195.76692,28199.42198,34582.09681,44064.10172,44480.57175,39903.8404,42156.19929,50558.33229,64072.23675,44762.6751,49379.81215,28163.26138
5,country,"Iran, Islamic Republic of",-361.95,22.59,8.5,207.55,0.294,8.763,20.49,43.012,37.596,15.621,193.575,408.11876,3519.38036,2877.4815,3037.29984,2889.19167,2317.5385,2017.79175,1979.98801,2983.42191,3648.97241,4276.71869,4661.7344,3049.945,2105.494,2050,3372,5019,2373,1508,1342,1425,1500,1422.33333
5,country,Maldives,5.6,6.5,6.6,6.9,8.74287,7.23071,9.31525,11.4089,11.5,12.3,22.26484,20.4982,24.67118,31.76899,52.9337,73.23098,95.22941,132.43208,181.25543,157.96359,216.46895,423.53066,227.97687,360.81634,333.37522,297.97599,456.63906,457.80831,575.65803,961.03757,440.71171,642.8307,732.2271,761.5162
5,country,Nepal,5.94,2.22,0,0,0,0,19.16,23.06,12.0247,4.35107,-0.48483,20.85,-5.95254,1.78615,-0.41735,2.45178,-6.64798,5.89024,1.01058,38.54543,86.62561,95.48636,91.97774,71.32127,30.18835,51.55803,106.13357,197.776,67.05568,184.9951,126.4926,195.9556,65.13463,73.88098
5,country,Pakistan,278.33114,271.91868,360.56912,399.30223,789.34082,492.095,439.305,711,506,532,309,383,823,534,1118,2201,4273,5590,5438,2338,2022,1162,859,1333,1887,1673,2576,2496,1737,2234,2057,2147,1462,1818
5,country,Sri Lanka,43.3514,67,122.631,194.486,166.414,65,133,433,150,201,175.13,81.8878,192,198.7,223,272,480,603.4,752.2,404,477.6,955.912,941.11659,932.55132,893.62898,679.65564,897.04938,1372.72304,1614.04401,743.4662,434.0757,592.29,884.1505,711.8262
4,region,West Asia,800.313,2152.567,3108.184,2108.0981,1921.08668,2643.52533,4789.72695,6077.89283,4578.24727,2485.5524,3983.79014,7720.77465,6072.84053,16074.28163,25458.08436,46922.34644,57011.05106,58305.60336,54071.76281,34425.78302,40749.88154,44419.49645,45662.15978,38863.699,31814.56666,33005.63133,53000.94509,32778.25392,42030.2494,33292.74341,30658.5742,64155.824,71857.13411,65219.62631
5,country,Armenia,3.9,19.62,2.4,0.8,8,25.32,17.57,51.94,232.375,122.034,104.189,69.869,110.725,122.853,247.14061,292.07322,466.53199,667.67156,943.73306,760.04075,529.32139,653.21976,496.6367,346.09239,406.57841,184.12799,333.82395,252.74799,266.85505,100.2872,58.58275,366.4452,998.0554,442.637
5,country,Azerbaijan,0,0,0,0.01,22,155,591,1051,1022.97,510.32,129.93,226.51,1392.44,3285,3556.1,1679.92,-583.985,-4748.88,14.09,473.305,563,1465,2004.6,2632,4430.4,4047.7,4500,2867,1403,1503.9,507,-1707.7,-4474.47,252.836
5,country,Bahrain,-182.9,619.5,868.62,-275,208.1,430.59,2048.2,868.61702,-275,453.7234,363.56383,80.31915,217.02128,516.70027,865.30824,1048.67021,2914.89362,912.23404,2638.29787,257.18085,155.85106,97.5266,1544.68085,3728.7234,1518.61702,64.89362,243.35106,1426.06383,1654.25532,1548.1383,1021.38298,1779.17553,2760.37234,6839.62766
5,country,Georgia,0,0,0,0.01,8,0,0,242.586,265.332,82.207,131.23188,109.83984,160.21196,334.64909,492.32944,452.75229,1171.1795,1764.7208,1575.243,666.7746,865.6377,1133.971,1048.227,1039.17416,1836.97998,1728.75813,1653.99338,1990.52644,1351.5297,1354.093,595.2575,1252.729,2097.898,1594.747
5,country,Iraq,-6.81,7.686,0.093,0.803,-0.03,0,-1.994,1.153,7.388,0,-0.032,-6.656,-0.326,1000,300,515.3,383,971.8,1855.7,1598.3,1396.2,1882.3,3400.4,-2335.3,-10176.4,-7574.2,-6255.9,-5032.4,-4885.1,-3508.2,-2859.1,-2637,-2088.2,-5273.33333
5,country,Jordan,37.65,-11.89,40.72,-33.55,2.85,13.31,15.51,360.931,310.014,156.4,913.25811,273.62482,238.22285,546.96756,936.81241,1984.48519,3544.00564,2622.14386,2826.25513,2413.09859,1688.59155,1485.91549,1548.30986,1946.76056,2178.4507,1600.28169,1552.95775,2029.71831,954.92958,729.71831,760.28169,621.83099,1251.40845,842.8169
5,country,Kuwait,5.6,0.8,35.3,13.2521,0.03368,6.70133,347.35095,19.7792,59.06364,72.26976,16.29981,-111.51616,3.61944,-67.11139,23.75297,233.90411,121.30569,111.53567,-5.95176,1113.58966,1304.62564,3259.0669,2872.58443,1433.62762,953.46479,310.55152,418.74641,348.12217,204.017,350.7255,239.68677,567.22682,757.70449,2112.7389
5,country,Lebanon,6.45,1.63,18.46,7.4,22.56,35,80,1799.6,1134.90312,871.67654,993.475,1453.907,1335.964,2860.02031,2483.69269,3321.49149,3131.67376,3375.98076,4002.06178,4378.90762,3708.37968,3137.05029,3111.315,2661.08713,2862.50943,2159.28995,2568.48507,2522.40965,2658.00384,1905.36274,1606.895,599.7883,526.8388,655.4374
5,country,Oman,142.263,135.241,104.291,142.003,76.463,46.294,60.6,65.02661,101.44151,39.0117,83.2,5.2,122,25,111,1538,1597,3332,2952,1485,1243.17295,1752.92588,1365.40962,1612.48375,1287.38622,-2171.6515,2265.27958,2988.29649,5602.08062,1937.58127,1914.17425,8793.23797,5479.84395,4745.38362
5,country,Qatar,4.88,42.54,39.58,72.05,131.85,93.56,338.87,418.33,347.3,113.25,251.6,295.52,623.92,624.92,1198.97,2500,3500,4700,3778.62637,8124.73626,4670.32967,938.51648,395.87912,-840.385,1040.385,1070.879,773.901,985.98901,-2186.26,-2812.63736,-2434.06593,-1093.41,76.0989,-474.176
5,country,Saudi Arabia,312,165,250,180,690,578,64,57,94,123,183,504,453,778.46136,1942,12097.333,5975.88739,6175.32111,5505.98397,436.35128,4878.8944,4683.85588,5035.06085,3371.40846,1509.06309,3970.64408,21954.83389,1014.0625,12141.12223,3079.21725,1621.2642,23111.90314,28055.08262,12319.03783
5,country,Syrian Arab Republic,40,54,57,60,65,70,89,80,82,263,270,110,115,160,320,583,659,1241.95912,1465.62339,2569.54827,1469.19686,804.16264,0,0,0,0,0,0,0,0,0,0,0,0
5,country,Türkiye,684,810,844,636,608,885,722,805,940,783,982,3352,1082,1702,2785,10031,20185,22047,19851,8585,9085,16143,13745,13461,12969,18976,13651,11113,12511,9469,7663,11481,13447,10439
5,country,United Arab Emirates,-115.82,25.94,129.72,401.32,62.46,399.85,300.52,232.43,257.66,-985.34,-506.33,1183.84,95.3,4255.95643,10003.5,10899.93193,12805.99047,14186.52144,5062.972,1134.28814,8796.76964,7152.09583,9566.65135,9764.91453,11071.53702,8550.90185,9604.773,10354.223,10385.286,17874.66,19884.47,20667.12,22736.56,30687.54
5,country,Yemen,-130.9,282.5,718,903,15.8,-217.7,-60.1,-138.5,-219.4,-307.6,6.39951,155.141,114.302,-89.107,143.578,-302.057,1120.98,917.299,1554.62,129.194,188.628,-518.4203,-531,-133.6,-233.105,-15.445,-561,-269.85,-282.09833,-370.98278,0,0,0,0
5,country,State of Palestine,0,0,0,0,0,122.6,177.2,163,218.2,188.6,62.005,19.176,9.44,17.972,48.9,46.542,18.588,28.296,51.508,300.468,206.283,349.31,58.405,175.712,159.7,102.9,296.7,188.34453,251.62839,131.87998,79.74499,353.47705,232.94116,35.33333
4,region,Central Asia,0,0,118.00001,1417.4,885.88,1279.3347,1399.7327,1697.60829,1501.95989,1735.01067,1509.4067,3102.301,2972.24897,2477.8226,5134.99159,2637.793,7554.601,13286.557,17501.799,18958.207,17440.72595,19873.09531,17757.65113,14826.93164,13827.4946,9854.34199,13381.47021,8797.39609,6632.92556,8222.64156,6539.14819,7225.63149,10204.57115,7419.71192
5,country,Kazakhstan,0,0,100,1271.4,659.7,964.26,1136.88,1321.90749,1160.89101,1437.69477,1282.5244,2834.9986,2590.21757,2092.0288,4157.20849,1971.218,6278.168,11119.037,14321.757,13242.5,11550.716,13973.069,13336.999,10321,8489.39631,4056.61306,8514.31634,4714.08083,3897.75863,3284.18106,3669.64277,3353.245,6541.261,3223.256
5,country,Kyrgyzstan,0,0,0,10,38.18,96.0747,46.7927,83.0408,109.22848,44.413,-2.361,5.007,4.665,45.544,175.458,42.565,182.023,207.92,376.992,189.377,437.586,693.528,292,626.0937,248,1141.8836,616,-107,144.2226,403.8651,-401.519,226.2054,54.9,490.4
5,country,Tajikistan,0,0,9,9,12,10,18,18,29.9404,6.7029,23.5433,9.4954,36.0664,31.6498,272.0251,14.21,189.71,398.4,814.75,131.33,157.37573,200.37916,254.79284,326.841,451.29129,571.67804,345.40706,307.02968,359.6176,364.48031,106.53479,84.03818,174.02224,140.57984
5,country,Turkmenistan,0,0,0.00001,79,103,233,108.06,107.86,62.3,125,131,170,276,226,353.7,418.2,730.9,856,1277,4553,3632.3,3391.067,3129.61474,2861.42071,3830.131,3042.968,2243.16,2085.94414,1606.64019,1853.63213,1436.2418,1287.33469,936.03971,1378.31208
5,country,Uzbekistan,0,0,9,48,73,-24,90,166.8,139.6,121.2,74.7,82.8,65.3,82.6,176.6,191.6,173.8,705.2,711.3,842,1662.74822,1615.05215,744.24455,691.57623,808.676,1041.19929,1662.58681,1797.34144,624.68654,2316.48296,1728.24783,2274.80822,2498.3482,2187.164
3,region,Latin America and the Caribbean,8536.8303,11204.45071,16066.63777,13823.43875,27668.63888,29842.59397,43527.51959,65873.36952,71028.96918,88559.50531,79827.4908,72784.75789,56379.49291,45621.36813,68117.52421,76915.63297,74031.32366,117109.5555,138905.6937,86021.17117,160752.6146,201354.9871,196618.7647,191577.0973,164601.5784,156465.168,134390.0161,155881.9383,154457.5465,158201.1943,91843.85171,139948.3039,195859.2657,193179.2364
4,region,South and Central America,8099.7303,10717.55071,15515.33777,13116.53875,26813.69976,28977.79397,42886.91959,64245.86952,69217.40918,86024.70531,77711.16816,70251.91789,54187.49291,43465.56813,65602.88121,74144.74897,71021.22366,113671.1555,131768.4937,82550.30117,157773.8402,198700.0397,194811.3789,190009.8958,161050.5161,153052.7804,130974.0376,151518.4257,151742.8116,154255.8059,87938.18201,137314.486,192315.3301,189431.1741
5,region,South America,5044.1873,5444.37771,10535.24477,8046.95375,14976.61276,18612.67047,32578.38659,49255.01252,52557.63698,69643.7149,57099.00523,37826.83148,27986.2709,22688.4876,37026.33059,44080.15782,43641.57593,73542.74829,94355.57847,60057.82075,124193.381,163969.5581,163813.0831,131568.7081,118918.2761,105938.6389,89141.3894,106186.197,106680.3207,110223.9082,55592.25738,94676.56645,145965.2087,142768.8877
6,country,Argentina,1836,2439,4430.978,2793.085,3634.932,5609.423,6948.537,9160.272,7290.657,23987.696,10418.314,2166.137,2148.908,1652.011,4124.705,5265.263,5537.34779,6473.15776,9725.55313,4017.15892,11332.71863,10839.93094,15323.93392,9821.66186,5065.33554,11758.99401,3260.16434,11516.86146,11716.58357,6649.188,4884.128,6902.84,15408.35,22910.96
6,country,"Bolivia, Plurinational State of",67,95.7,122.1,123.6,130.2,374.3,429.3,854,1026.05,1010.488,736.40461,705.76596,676.5701,197.40101,85.45997,-238.62,280.86335,366.29424,512.57302,423.02907,642.94799,858.94107,1059.96539,1749.55798,656.566,554.644,335.36553,712.47414,302.36878,-216.637,-1129.49,583.5764,6.23698,293.6921
6,country,Brazil,988.8,1102.2,2061,1290.9,2149.9,4405.122,10791.687,18992.934,28855.61,28578.43,32779.24,22457.353,16590.204,10143.525,18145.883,15066.292,18822.208,34584.901,45058.156,25948.58,77686.848,97421.786,82059.83,59089.345,63845.886,49961.36699,53700.38366,66585.35,59823.67,65386.3,28322.28,50651.37,73352.2,65897.22
6,country,Chile,661.2,822.1,935.3,1034.2,2583,2956.1,4814.616,5271.4,4627.81798,8761.01622,4860,4199.8,2550,4333.66936,7241.04262,7096.89041,7426.27499,12571.55989,15518.19228,14166.41847,15033.19418,22633.6122,26708.10711,26302.62895,25566.07495,19764.0998,10522.71621,6694.60403,13030.51936,14403.43,11291.57,12627.43,16881.86,21026.94
6,country,Colombia,500,456.9,728.7,959.1,1446.49726,968.36827,3111.67659,5562.21636,2828.82626,1507.90713,2436.46,2541.943,2133.698,1720.493,3115.636,10235,6751,8886,10564,8035,6430,14647,15040,16210.41902,16168.70171,11620.53265,13857.93772,13700.88045,11298.69277,13989.15403,7458.62498,9561.33528,17182.52135,17446.18173
6,country,Ecuador,126.1795,160.1431,177.8969,473.725,576.3265,452.4602,499.6533,723.9358,869.9729,648.4153,-23.43937,538.56858,783.261,871.513,836.93959,493.41384,271.42885,193.87253,1057.36802,308.61089,165.86632,646.07736,567.4103,727.06421,776.64895,1331.30334,764.19087,629.58241,1389.199,979.0205,1094.851,648.0102,879.3738,372.3123
6,country,French Guiana,2.02,0.00001,0.16,0.15,0.03,0,1,1,1,0,0,1,0,0,0,0,0,0,0,0,0,0,0,0,0,0,0,0,0,0,0,0,0,0
6,country,Guyana,7.9,12.34,146.606,69.537,106.694,74.415,92.914,52,44,46,67.1,56,43.6,26.1,30,76.8,102.4,152.4,178,164,198,246.8,293.66,214.02,255.23,121.71,57.99908,212.15138,1231.06,1695.29322,2085.89437,4468.10466,4393.4,7197.9
6,country,Paraguay,71.0558,80.9956,117.0755,69.6139,122.546,94.5,78.9537,178.79436,211.55384,99.98925,137.93823,63.01008,2.04389,28.46064,69.55653,41.999,161.42945,452.83727,316.79671,112.1792,633.77268,679.2452,774.95226,509.57366,675.20964,498.36542,637.22553,413.34835,174.97224,333.64106,149.09452,185.49191,724.82816,240.71654
6,country,Peru,41.1,-7,-79,760.589,3289.187,2556.982,3471.149,2139.26,1643.949,1940.009,809.69676,1144.26,2155.837,1335.00707,1599.03839,2578.71937,3466.53106,5490.96131,6923.65128,6430.65296,8454.62759,7682.26111,13622.4851,9826.00254,4536.70225,8206.47679,6458.52186,6530.19282,6761.18579,6361.622,-824.753,6271.629,12025.85,3330.602
6,country,Suriname,-76.8,18.5,-54.3,-46.6,-30.2,-20.6,19.1,-9.2,9.1,-61.5,-97.2,-26.8,-73.6,-76.1,-37.3,28,-163.4,-246.7,-231.4,-93.4,-247.7,69.79132,173.72333,187.60386,164.09842,266.74146,299.98714,98.20302,119.19076,-7.78468,0.34884,-124.045,3.3514,-64.792
6,country,Uruguay,41.54,32.34,11.3,101.5,154.5,156.6,136.8,126.4,164.1,235.264,273.491,296.79386,193.74891,416.40752,332.36949,847.4002,1493.49244,1329.46429,2105.68803,1528.59124,2289.1056,2504.1129,2216.01565,4250.83099,2235.82262,1085.40448,-1821.10254,-590.45103,-11.1216,2017.68104,755.70867,1936.824,3456.237,3429.155
6,country,"Venezuela, Bolivarian Republic of",778.192,231.159,1937.42837,417.55385,813,985,2183,6202,4985,2890,4701,3683,782,2040,1483,2589,-508,3288,2627,-983,1574,5740,5973,2680,-1028,769,1068,-317,844,-1367,1504,964,1651,688
5,region,Central America,3055.543,5273.173,4980.093,5069.585,11837.087,10365.1235,10308.533,14990.857,16659.7722,16380.99041,20612.16293,32425.08641,26201.22201,20777.08053,28576.55062,30064.59115,27379.64773,40128.40719,37412.91518,22492.48042,33580.45921,34730.48159,30998.29579,58441.18774,42132.24002,47114.14149,41832.64815,45332.22866,45062.49088,44031.89776,32345.92463,42637.91956,46350.12138,46662.28642
6,country,Belize,19,15.05,17.8,13.6,18.814,20.7625,16.58,11.946,18.986,53.579,23.341,61.163,25.461,-10.925,111.496,126.9085,108.8285,143.1405,169.6685,108.84,97.2205,95.34853,189.20141,95.15672,152.74378,64.61482,43.98741,24.49469,118.27555,93.91025,76.2028,125.4955,140.90795,49.72532
6,country,Costa Rica,162.4,178.4,226,246.7,297.6,336.9,427,406.9,611.7,619.46921,666.94378,608.64849,824.62617,692.11101,975.90765,1364.13391,1702.49674,2088.46943,2319.94118,1443.5697,1683.54524,2461.4832,2258.09003,2741.09178,2926.64577,2751.87848,2203.94838,2778.31402,2487.1804,2812.26129,1762.65539,3231.05176,3163.86923,3921.385
6,country,El Salvador,1.9,25.2,15.3,16.4,0,38,0,59,1102.7,215.8,173.4,279,470.2,141.7,363.2,511.1,241.1,1550.6,903.1,365.8,-230.3,218.5,466.84142,179.20832,306.33942,396.61577,347.4248,889.07292,826.01,636.1682,24.4523,385.672,170.8602,759.7331
6,country,Guatemala,59.3,90.4,94.1,142.488,65.1,75.3,76.8,84.5,672.8,154.6,229.6,498.5,205.3,263.3,296,508.3,591.6,745.2,737.61109,522.32412,658.31247,1219.22906,1270.14513,1479.31272,1442.35365,1230.89472,1174.37206,1130.01766,980.65193,976.14102,934.87964,3461.7743,1442.107,1552.342
6,country,Honduras,43.5,52.1,47.6,52.1,41.5,69.4,90,127.652,99.0212,237.3372,381.65915,304.24292,275.16784,402.77952,546.7,599.8,669.1,927.5,1006.4,508.8,969.2,1014.4,1058.5,1059.7,1417.4,1203.5,1139.4,1175.8,961.3,498.1,418.6,738.7,920.3,1076.4
6,country,Mexico,2633.238,4761.498,4392.799,4388.801,10972.501,9526.3,9185.451,12829.556,12756.765,13935.805,18246.819,30056.232,24097.967,18269.315,25014.14697,25795.64874,21232.42249,32393.19726,29502.19441,17849.9466,27189.281,25632.5208,21769.3178,48354.4182,30351.2574,35943.8377,31189.0155,34017.29,34100.97,34617.08,28210.52,31828.84,36312.09,36058.04
6,country,Nicaragua,0.67,42,42,40,40,75.4,97,172.1,194.7,300,266.5,150.2,203.9,201.3,250,241.1,286.8,381.7,627.3,433.9,489.9,936.3,775.7,965.1,1076.8,967,989.1,1035.4,837.6,503,746.5,1220.1,1293.8,1230.1
6,country,Panama,135.535,108.525,144.494,169.496,401.572,223.061,415.702,1299.203,1203.1,864.4,623.9,467.1,98.6,817.5,1019.1,917.6,2547.3,1898.6,2146.7,1259.3,2723.3,3152.7,3210.5,3567.2,4458.7,4555.8,4745.4,4281.83937,4750.503,3895.237,172.1145,1646.286,2906.187,2014.561
4,region,Caribbean,437.1,486.9,551.3,706.9,854.93912,864.8,640.6,1627.5,1811.56,2534.8,2116.32264,2532.84,2192,2155.8,2514.643,2770.884,3010.1,3438.4,7137.2,3470.87,2978.7744,2654.94745,1807.3858,1567.20153,3551.06225,3412.3876,3415.97854,4363.51265,2714.7349,3945.38833,3905.6697,2633.81791,3543.93565,3748.06232
5,country,Antigua and Barbuda,58.75,54.79259,19.64815,15.24074,24.78889,31.48519,19.35185,22.94444,22.77407,51.79142,43.11593,98.45222,65.86506,166.32114,80.36659,220.96337,358.82016,338.20473,158.78377,80.64665,96.67921,65.1606,133.07084,94.66253,51.15384,139.53068,105.20973,139.97232,192.55427,118.3763,62.09319,296.46108,325.69497,326.68771
5,country,Barbados,11.21328,7.42492,14.45,9.40211,12.95,11.80375,15.83648,18.2035,29.16048,37.53951,73.69694,91.50491,228.34325,184.70129,228.3345,390.0614,342.2675,476.40458,615.12288,255.29191,446.33869,455.83116,526.87653,117.80215,592.43835,417.90657,269.33493,206.15736,241.5965,215.37013,262.1,238.73506,200,224.9
5,country,Dominica,7.56,15.22037,20.38148,13.2,22.6,54.09259,17.8,21.11481,6.51111,17.95556,17.5963,17.11593,20.11064,31.47214,26.17395,19.23556,25.90753,40.48677,56.54826,57.2355,42.86022,34.56334,58.52277,23.34834,16.67875,12.96538,48.48848,3.65514,96.51408,76.28234,5.22448,27.58038,11.58788,14.0187
5,country,Dominican Republic,132.8,145,179.7,189.3,206.8,414.3,96.5,420.6,699.8,1337.8,952.93,1079.1,916.8,613,909.04,1122.7,1084.6,1667.4,2870,2165.4,2023.7,2276.7,3142.4,1990.5,2208.5,2204.9,2406.7,3570.7,2535.3,3021,2559.6,3196.8,4098.8,4390.2
5,country,Grenada,13.14,15.27407,22.58148,20.24815,19.31111,19.97778,16.96296,33.5,48.68519,41.55185,37.40741,58.74815,54.48889,89.16667,65.01433,70.15713,89.78715,156.5548,134.83258,102.55636,60.42086,42.64818,31.48986,113.09151,95.24594,188.31314,113.89968,191.39995,225.68055,262.66867,160.32508,189.21744,172.20308,180.98719
5,country,Haiti,8,13.6,-1.8,-2.2,-2.8,7.4,4.1,4,10.76,30,13.25,4.94,5.7,13.8,5.9,26,160.6,74.5,29.8,55.47,178,119,156,161.92,99,105.68,104.9,374.86,105,75,25,51.299,39.3032,32
5,country,Jamaica,174.9,171.2,190.4,139.2,129.7,147.4,183.7,203.3,369.1,523.7,468.8,613.9,478.8,720.7,601.603,682.484,882.2,866.5,1436.6,540.9,227.6744,218.2,413.33345,544.74756,582.14874,924.97786,927.97672,888.83523,774.6206,665.41556,265.10055,320.50071,318.736,430.86667
5,country,Netherlands Antilles,8.101,33.408,40.056,11.006,21.508,-150,-59.832,-16.24358,5.02402,-14.74413,-0.60503,62.45251,74.89385,10.96648,21.77709,41.86034,-21.95531,0,0,0,0,0,0,0,0,0,0,0,0,0,0,0,0,0
5,country,Saint Kitts and Nevis,48.78,21.44815,12.52963,13.75926,15.34815,20.47037,35.17407,19.67037,31.92593,57.73704,96.21481,88.23074,79.77169,75.61216,55.77147,92.99449,110.41563,134.48444,177.90603,130.75084,116.26848,109.63271,108.37533,136.1827,159.07741,131.31439,130.65289,53.8071,46.03608,44.32489,-0.49466,25.15355,47.22543,36.36835
5,country,Saint Lucia,45.9,59.41,40.94074,34.16296,32.52222,32.75185,18.41481,47.82593,83.3963,83.15185,53.74815,58.80741,51.93541,106.42593,76.52029,78.23343,233.93473,271.89107,161.21071,146.39759,121.29697,96.41643,73.55838,92.04144,105.50996,210.46721,175.35037,96.88915,57.91549,93.91886,97.17306,141.15574,77.74475,185.94883
5,country,Saint Vincent and the Grenadines,7.67,8.8963,13.9,31.4,47.28519,30.64074,42.64444,92.47037,88.95185,56.7963,37.74444,21.04037,34.04826,55.16445,65.68617,40.08731,109.11234,119.4069,159.24336,110.22167,97.21811,85.62386,115.11134,159.56892,134.84819,120.67681,56.79277,152.74908,27.81032,58.13419,56.88227,168.85537,67.93441,78.63134
5,country,Trinidad and Tobago,109.4,144.1,171,372.6,521,295.7,356.3,999.6,731.9,643.3,679.5,834.9,790.7,808.3,998.1,939.7,882.7,830,2800.8,709.1,549.4,41.04745,-1904.34765,-1129.96603,661.41351,176.82974,-23.59818,-470.88258,-700.1857,183.97277,1055.96915,-934.7818,-912.90355,-1105.00435
5,country,Turks and Caicos Islands,0,0,0,0,0,0,0,0,0,0,0,0,0,0,0,0,0,0,0,0,0,0,0,0,0,-69.888,16.59,22.068,42.227,26.96167,30.41889,28.69028,35,32.65957
5,country,Anguilla,10.82,6.11481,15.42222,6.46667,11.14444,17.58148,33.22963,21.24444,28.06296,38.01111,39.71379,29.61889,33.23823,29.3923,91.75052,118.58413,143.18299,120.13214,100.84921,43.59165,11.40515,38.91734,43.54384,56.47082,79.76973,115.55627,114.33097,107.77539,215.92151,163.42419,69.18863,86.68733,102.17959,147.28227
5,country,Aruba,130.503,184.749,-16.25698,-2.56983,-58.77095,1.11732,84.46927,195.92179,83.57542,467.5419,-127.93296,-266.92737,332.12291,159.77654,-105.65238,-207.04278,221.34776,-469.73759,19.55307,-10.70141,236.87151,489.49721,-316.42458,227.31844,208.32402,-26.87151,27.5419,87.86228,110.17565,-136.11658,137.18346,143.04754,260.99078,-177.94215
5,country,Bahamas (the),-17.3,-1.3,0.3,27.1,23.4,106.8,87.8,210,847.00859,781.9,609.192,587.006,353.707,713.259,803.747,1054.31297,1492.10152,1622.81986,1512.31127,645.70251,1097.18766,1408.79944,1033.50725,1590.44273,3550.96734,712.5639,1259.53092,901.4482,947.43,610.9572,896.7839,1051.539,1254.832,1459
5,country,British Virgin Islands,18.35,4.86,-131.22,675.98,677.51,-576.71,1109.55,3636.65,8777.51871,7915.39887,8073.327,3791.26,5451.882,9660.121,28309.656,-7142.639,12029.088,37163.179,52554.448,42212.878,42386.82491,50788.16114,61121.51045,104804.7644,40462.00721,66712.74157,49022.94594,39609.97133,34389.70912,39103.36161,39619.63521,39361.49841,38118.55109,39889.38182
5,country,Cayman Islands,49.04,-8.54,27.49,459.76,467.07,50.31,1231.71,3150.87,4354.11,6475.83,9358.723,2133.108,2802.975,2602.57,3703.461,9506.484,24820.937,28210.535,19555.735,20298.045,20965.96264,31131.85511,21489.60474,34907.99432,46040.60977,80501.52546,58815.59079,15173.39523,20680.81178,28165.12898,23621.04943,25893.08921,24590.01985,28134.15504
5,country,Curaçao,0,0,0,0,0,0,0,0,0,0,0,0,0,0,0,0,0,105.69832,146.53631,55.2514,34.25598,50.85263,54.68991,-15.01993,150.10249,146.43493,133.0464,172.67899,0,203.23045,155.74326,145.7004,164.05535,154.66881
5,country,Montserrat,9.58,8.02963,4.61481,4.85926,7.16667,3.03333,-0.31852,2.56667,2.56667,8.21481,2.29259,0.52852,0.63965,2.08062,2.3383,5.43766,3.99052,6.84513,12.68211,2.5615,3.55009,2.46385,2.61,3.73211,2.47845,1.27769,3.8226,3.60097,3.30063,1.29221,2.77656,2.19179,4.70391,6.95228
5,country,Sint Maarten,0,0,0,0,0,0,0,0,0,0,0,0,0,0,0,0,0,71.63128,85.87709,39.65922,41.73305,-45.68215,19.60517,38.29508,53.14765,35.5442,54.70996,64.2483,-47.91508,73.86834,22.16746,26.81512,17.14591,37.30993
3,region,Oceania,293.36141,206.9029,191.24153,171.35105,168.19275,551.53612,172.03595,154.07159,297.88408,404.22239,116.36977,248.4164,139.51334,287.90065,395.93813,281.24786,1545.05448,1217.53614,2637.59953,2103.22344,1946.65396,2005.91588,3445.07208,2603.99212,2238.45583,1470.2879,1132.94998,912.5478,1301.18233,1524.67817,1021.40502,1279.06026,1397.77862,460.93827
4,country,Cook Islands,0,0,0,0,0,0,0,0,0,0,0,0,0,0,0,0,0,0,0,0,0,0,0,0,0,5.41129,10.46324,1.91864,11.55872,8.56911,5.31655,-2.20843,3.89241,5.64432
4,country,Fiji,84.13746,11.31774,38.58974,54.74228,71.51053,57.17008,16.53246,26.52942,144.85459,79.30423,2.95966,41.15714,30.45407,39.82551,250.02164,173.8647,581.7997,459.67161,682.05633,311.49813,176.35314,216.76454,277.72656,243.07724,379.57983,205.28027,389.84103,386.18594,470.97318,321.00641,240.63943,407.02529,103.8881,91.01717
4,country,Kiribati,0.29975,0.50866,0.47589,1.37907,0.5191,0.38769,0.5384,0.5121,0.43975,0.45163,0.72181,-0.27348,0.24979,0.67076,1.95367,2.60602,0.56843,1.15305,-1.26768,5,-6.602,-0.349,-2.386,0.838,2.632,-0.81982,1.80696,0.7848,-1.14436,-0.55828,2.62409,1.03138,2.89413,2.1832
4,country,Marshall Islands (the),0,0,0,0,0,0,0,0,0,0,0.739,0.739,0.839,-1.152,1.156,3.303,1.9,7.011,5.738,44.89,-9.357,-4.381,21.374,32.568,-8.029,-5.39364,-3.05585,5.8355,9.75205,4.17723,3.04506,0.49943,2.57391,2.03947
4,country,"Micronesia, Federated States of",0,0,0,0,0,0,0,0,0,0,0,0,0,0,0,0,0,0,0,0,0,0,0,0,20.2093,0,0,0,0,0,0,0,0,0
4,country,Palau,1,1,1,0,0,-0.21,0,0,0,0,3.17765,-1.43186,1.90101,4.59371,6.84504,4,33.28326,4.38324,4.74166,2.79087,2.68524,8.32613,21.63913,18.04111,39.86012,34.58316,63.719,44.503,50.605,44.712,43.1,31.441,72.014,47.81675
4,country,Papua New Guinea,155.413,116.719,104.3,61.9508,56.9504,454.569,111.294,28.5753,109.626,296.493,98.23303,63.77039,18.27881,101.02569,25.75608,33.5273,-6.87009,95.77284,-30.36936,423.20898,28.86783,-309.19834,25.0042,18.22224,-30.40111,27.97635,-39.76492,-180.17671,305.66346,335.17676,111.7676,-10.71249,458.40889,-424.80315
4,country,Samoa,6.6,3.19,5,5,3,3.44,1.16,19.99,3,-0.71852,-1.20681,1.41459,1.5994,2.7243,7.75734,3.75662,21.85339,6.90554,49.46127,9.60527,0.40842,14.87285,20.8892,13.95942,22.85646,26.81366,2.54997,9.07802,16.72212,-4.41675,4.26287,8.9812,4.85343,-2.95087
4,country,Solomon Islands,10.44,14.513,14.173,23.371,2.096,2.026,5.944,33.872,8.80463,9.9005,13.0283,-9.3133,-4.00199,-1.80069,5.68131,18.58087,44.29486,86.02601,74.95237,48.57332,165.92089,120.16958,23.89765,53.36162,21.69152,31.59716,38.60753,42.8399,24.83821,32.80862,9.13347,27.80485,43.90771,25.45911
4,country,Tonga,0.2,0.36,1.22,2.18,2.78052,1.02845,0.28499,-0.01053,0.04571,0.95815,9.2124,7.62866,4.69208,6.2445,37.48301,12.96937,17.17772,23.99882,46.33348,20.05417,24.71157,43.7838,31.11351,51.36127,56.0438,6.34916,16.62515,-15.67179,23.21081,-6.10838,3.82444,3.80404,7.49201,24.34381
4,country,Tuvalu,0,0,0,0,0,0,0,0,0,0,0,-0.009,-0.01,-0.011,-0.012,-0.011,-0.011,-0.011,1.688,1.751,0.455,-0.119,1.325,0.337,0.3,0.3,0.3,0.3,0.29886,0.29886,0.1,0.19943,0.19943,0.16629
4,country,Vanuatu,13.1112,25.4745,26.4529,25.9679,29.7862,31.0449,32.7321,30.2333,20.3834,13.4034,20.2561,18.0043,15.52465,19.73173,25.39583,27.5708,71.32076,56.92224,44.01287,31.71228,59.82214,70.46382,37.68452,1.0683,13.33654,30.99574,48.81309,38.24864,37.47107,52.80108,41.41099,43.10546,10.82755,9.26855
4,country,French Polynesia,22.16,33.82,0.03,-3.24,1.55,2.08,3.55,14.37,10.73,4.43,9.87472,23.68875,10.931,0,6.42002,7.81892,30.6495,58.24933,13.88403,21.84374,64.30373,130.55727,155.3542,99.20716,61.92878,26.00717,61.57579,90.03865,5.93784,12.73115,-15.54761,-25.62445,-9.4803,-6.49606
4,country,New Caledonia,0,0,0,0,0,0,0,0,0,0,-40.62609,103.04121,59.05552,116.04814,27.48019,-6.73874,749.08795,417.45346,1746.36856,1182.29568,1439.085,1715.02523,2831.45011,2071.95076,1658.44759,1081.1874,541.46899,488.66321,345.29537,723.48036,571.72813,793.71355,696.30735,687.24968
2,region,Least developed countries (LDCs),540.40782,1500.89168,1470.02619,1841.45417,1042.12956,1681.99316,2088.81672,3685.33129,4553.3749,5558.32929,4597.64242,5993.365,6434.10703,11080.04632,9611.90067,5812.20058,9455.91357,12467.1172,19279.9375,16090.1389,23993.64044,21116.31193,27597.84472,21274.19759,27491.4914,37611.85874,25672.26276,21151.62501,21656.49428,22493.63865,23995.93405,28693.82319,26667.52249,31299.18753
2,region,Landlocked countries (LLCs),606.35995,338.48527,572.3181,1865.78576,1629.08842,2794.44399,3351.16774,5160.28162,5707.81856,4323.12036,3996.99121,6238.50801,7890.17879,8842.93692,12283.08976,7009.14902,11631.16186,16138.5708,26529.58306,27402.23949,28386.79507,36516.28736,35020.91931,30683.39502,29361.51517,25127.96377,24415.27393,25134.33001,21681.05535,21974.84112,15343.71936,19899.41109,23598.68307,24255.48078
2,region,Small island developing states (SIDS),756.08246,749.10855,794.74542,1022.69825,1227.23535,1359.21391,1051.81722,2332.1726,3226.9667,3917.83336,3489.53144,3683.14493,3273.81138,3808.34333,4387.88439,5228.85086,6908.05786,8066.09488,12068.25885,6251.028,6397.14502,6632.39956,5443.97613,5124.43305,10002.23306,6438.65232,7185.82562,7522.15239,6228.03441,7142.53811,5989.54469,6060.5581,7263.16077,8336.84207